algae 	 Dunaliella_primolecta 	 released
amphibians 	 Bufo_bufo 	 released
amphibians 	 Rana_temporaria 	 released
arthropods 	 Dolomedes_plantarius 	 released
arthropods 	 Sacculina_carcini 	 released
birds 	 Aquila_chrysaetos_chrysaetos 	 released
birds 	 Caprimulgus_europaeus 	 released
birds 	 Erithacus_rubecula 	 released
birds 	 Streptopelia_turtur 	 released
chordates 	 Aplidium_turbinatum 	 released
dicots 	 Impatiens_glandulifera 	 released
dicots 	 Malus_sylvestris 	 released
echinoderms 	 Asterias_rubens 	 released
echinoderms 	 Marthasterias_glacialis 	 released
fish 	 Pholis_gunnellus 	 released
fish 	 Salmo_trutta 	 released
fish 	 Taurulus_bubalis 	 released
fish 	 Trachurus_trachurus 	 released
insects 	 Abrostola_tripartita 	 released
insects 	 Acronicta_aceris 	 released
insects 	 Adalia_bipunctata 	 released
insects 	 Aelia_acuminata 	 released
insects 	 Agriopis_aurantiaria 	 released
insects 	 Agrochola_circellaris 	 released
insects 	 Agrochola_macilenta 	 released
insects 	 Amphipyra_berbera 	 released
insects 	 Amphipyra_tragopoginis 	 released
insects 	 Ancistrocerus_nigricornis 	 released
insects 	 Andrena_haemorrhoa 	 released
insects 	 Anoplius_nigerrimus 	 released
insects 	 Anthocharis_cardamines 	 released
insects 	 Apamea_monoglypha 	 released
insects 	 Aphantopus_hyperantus 	 released
insects 	 Apoderus_coryli 	 released
insects 	 Aporia_crataegi 	 released
insects 	 Apotomis_turbidana 	 released
insects 	 Aricia_agestis 	 released
insects 	 Atethmia_centrago 	 released
insects 	 Autographa_gamma 	 released
insects 	 Autographa_pulchrina 	 released
insects 	 Bellardia_pandia 	 released
insects 	 Bembecia_ichneumoniformis 	 released
insects 	 Bibio_marci 	 released
insects 	 Biston_betularia 	 released
insects 	 Blastobasis_adustella 	 released
insects 	 Blastobasis_lacticolella 	 released
insects 	 Boloria_selene 	 released
insects 	 Bombus_campestris 	 released
insects 	 Bombus_hortorum 	 released
insects 	 Bombus_hypnorum 	 released
insects 	 Bombus_pascuorum 	 released
insects 	 Bombus_sylvestris 	 released
insects 	 Brachyptera_putata 	 released
insects 	 Campaea_margaritaria 	 released
insects 	 Cantharis_rustica 	 released
insects 	 Carcina_quercana 	 released
insects 	 Celastrina_argiolus 	 released
insects 	 Cerceris_rybyensis 	 released
insects 	 Cheilosia_vulpina 	 released
insects 	 Chrysoperla_carnea 	 released
insects 	 Chrysoteuchia_culmella 	 released
insects 	 Chrysotoxum_bicinctum 	 released
insects 	 Clostera_curtula 	 released
insects 	 Clusia_tigrina 	 released
insects 	 Coccinella_septempunctata 	 released
insects 	 Colias_croceus 	 released
insects 	 Coremacera_marginata 	 released
insects 	 Cosmia_trapezina 	 released
insects 	 Craniophora_ligustri 	 released
insects 	 Criorhina_berberina 	 released
insects 	 Crocallis_elinguaria 	 released
insects 	 Cyaniris_semiargus 	 released
insects 	 Cydia_splendana 	 released
insects 	 Deilephila_porcellus 	 released
insects 	 Dolichovespula_media 	 released
insects 	 Dolichovespula_saxonica 	 released
insects 	 Dolichovespula_sylvestris 	 released
insects 	 Dryobotodes_eremita 	 released
insects 	 Ectemnius_continuus 	 released
insects 	 Ectemnius_lituratus 	 released
insects 	 Eilema_depressum 	 released
insects 	 Eilema_sororcula 	 released
insects 	 Emmelina_monodactyla 	 released
insects 	 Endotricha_flammealis 	 released
insects 	 Ennomos_fuscantarius 	 released
insects 	 Ennomos_quercinarius 	 released
insects 	 Erannis_defoliaria 	 released
insects 	 Erebia_ligea 	 released
insects 	 Eristalis_arbustorum 	 released
insects 	 Eristalis_pertinax 	 released
insects 	 Eristalis_tenax 	 released
insects 	 Erynnis_tages 	 released
insects 	 Eulithis_prunata 	 released
insects 	 Eupeodes_latifasciatus 	 released
insects 	 Euproctis_similis 	 released
insects 	 Eupsilia_transversa 	 released
insects 	 Fabriciana_adippe 	 released
insects 	 Furcula_furcula 	 released
insects 	 Glaucopsyche_alexis 	 released
insects 	 Griposia_aprilina 	 released
insects 	 Gymnosoma_rotundatum 	 released
insects 	 Habrosyne_pyritoides 	 released
insects 	 Harmonia_axyridis 	 released
insects 	 Hecatera_dysodea 	 released
insects 	 Hedya_salicella 	 released
insects 	 Hemaris_fuciformis 	 released
insects 	 Hesperia_comma 	 released
insects 	 Hydraecia_micacea 	 released
insects 	 Hydriomena_furcata 	 released
insects 	 Hylaea_fasciaria 	 released
insects 	 Hypena_proboscidalis 	 released
insects 	 Ichneumon_xanthorius 	 released
insects 	 Idaea_aversata 	 released
insects 	 Inachis_io 	 released
insects 	 Laothoe_populi 	 released
insects 	 Lasioglossum_lativentre 	 released
insects 	 Lasioglossum_morio 	 released
insects 	 Laspeyria_flexula 	 released
insects 	 Leptidea_sinapis 	 released
insects 	 Limenitis_camilla 	 released
insects 	 Limnephilus_lunatus 	 released
insects 	 Limnephilus_marmoratus 	 released
insects 	 Lycaena_phlaeas 	 released
insects 	 Lymantria_monacha 	 released
insects 	 Lysandra_bellargus 	 released
insects 	 Lysandra_coridon 	 released
insects 	 Macropis_europaea 	 released
insects 	 Malachius_bipustulatus 	 released
insects 	 Mamestra_brassicae 	 released
insects 	 Maniola_jurtina 	 released
insects 	 Melanargia_galathea 	 released
insects 	 Melanostoma_mellinum 	 released
insects 	 Melitaea_cinxia 	 released
insects 	 Mellicta_athalia 	 released
insects 	 Mesoligia_furuncula 	 released
insects 	 Mimas_tiliae 	 released
insects 	 Mimumesa_dahlbomi 	 released
insects 	 Mythimna_ferrago 	 released
insects 	 Mythimna_impura 	 released
insects 	 Noctua_fimbriata 	 released
insects 	 Noctua_janthe 	 released
insects 	 Noctua_pronuba 	 released
insects 	 Nomada_fabriciana 	 released
insects 	 Notocelia_uddmanniana 	 released
insects 	 Notodonta_dromedarius 	 released
insects 	 Notodonta_ziczac 	 released
insects 	 Nymphalis_polychloros 	 released
insects 	 Nymphalis_urticae 	 released
insects 	 Nysson_spinosus 	 released
insects 	 Ochlodes_sylvanus 	 released
insects 	 Ochropleura_plecta 	 released
insects 	 Ocypus_olens 	 released
insects 	 Omphaloscelis_lunosa 	 released
insects 	 Orgyia_antiqua 	 released
insects 	 Pammene_fasciana 	 released
insects 	 Parapoynx_stratiotata 	 released
insects 	 Pararge_aegeria 	 released
insects 	 Peribatodes_rhomboidaria 	 released
insects 	 Phalera_bucephala 	 released
insects 	 Pheosia_gnoma 	 released
insects 	 Pheosia_tremula 	 released
insects 	 Philereme_vetulata 	 released
insects 	 Phlogophora_meticulosa 	 released
insects 	 Pieris_brassicae 	 released
insects 	 Pieris_napi 	 released
insects 	 Platycheirus_albimanus 	 released
insects 	 Plebejus_argus 	 released
insects 	 Pterostichus_madidus 	 released
insects 	 Ptilodon_capucinus 	 released
insects 	 Pyrgus_malvae 	 released
insects 	 Pyrochroa_serraticornis 	 released
insects 	 Rhagonycha_fulva 	 released
insects 	 Scaeva_pyrastri 	 released
insects 	 Schrankia_costaestrigalis 	 released
insects 	 Seladonia_tumulorum 	 released
insects 	 Selenia_dentaria 	 released
insects 	 Sesia_apiformis 	 released
insects 	 Sphecodes_monilicornis 	 released
insects 	 Spilarctia_lutea 	 released
insects 	 Spilosoma_lubricipeda 	 released
insects 	 Synanthedon_vespiformis 	 released
insects 	 Syritta_pipiens 	 released
insects 	 Tachina_fera 	 released
insects 	 Tenthredo_notha 	 released
insects 	 Thecocarcelia_acutangulata 	 released
insects 	 Thyatira_batis 	 released
insects 	 Thymelicus_sylvestris 	 released
insects 	 Tinea_semifulvella 	 released
insects 	 Tinea_trinotella 	 released
insects 	 Vanessa_atalanta 	 released
insects 	 Vanessa_cardui 	 released
insects 	 Vespa_crabro 	 released
insects 	 Vespa_velutina 	 released
insects 	 Vespula_germanica 	 released
insects 	 Vespula_vulgaris 	 released
insects 	 Volucella_inanis 	 released
insects 	 Xanthogramma_pedissequum 	 released
insects 	 Xestia_c-nigrum 	 released
insects 	 Xestia_xanthographa 	 released
insects 	 Xylota_sylvarum 	 released
insects 	 Ypsolopha_scabrella 	 released
insects 	 Zeuzera_pyrina 	 released
insects 	 Zygaena_filipendulae 	 released
jellyfish 	 Diadumene_lineata 	 released
jellyfish 	 Haliclystus_octoradiatus 	 released
mammals 	 Arvicola_amphibius 	 released
mammals 	 Canis_lupus 	 released
mammals 	 Cervus_elaphus 	 released
mammals 	 Lutra_lutra 	 released
mammals 	 Pipistrellus_pipistrellus 	 released
mammals 	 Rattus_norvegicus 	 released
mammals 	 Sciurus_carolinensis 	 released
mammals 	 Sciurus_vulgaris 	 released
molluscs 	 Patella_pellucida 	 released
molluscs 	 Pecten_maximus 	 released
molluscs 	 Steromphala_cineraria 	 released
other-animal-phyla 	 Lineus_longissimus 	 released
other-animal-phyla 	 Membranipora_membranacea 	 released
sharks 	 Scyliorhinus_canicula 	 released
algae 	 Dunaliella_primolecta 	 curated
amphibians 	 Bufo_bufo 	 curated
amphibians 	 Rana_temporaria 	 curated
arthropods 	 Dolomedes_plantarius 	 curated
arthropods 	 Sacculina_carcini 	 curated
arthropods 	 Sacculina_carcini 	 curated
birds 	 Aquila_chrysaetos_chrysaetos 	 curated
birds 	 Aquila_chrysaetos_chrysaetos 	 curated
birds 	 Aquila_chrysaetos_chrysaetos 	 curated
birds 	 Aquila_chrysaetos_chrysaetos 	 curated
birds 	 Caprimulgus_europaeus 	 curated
birds 	 Erithacus_rubecula 	 curated
birds 	 Erithacus_rubecula 	 curated
birds 	 Streptopelia_turtur 	 curated
birds 	 Streptopelia_turtur 	 curated
chordates 	 Aplidium_turbinatum 	 curated
dicots 	 Ailanthus_altissima 	 curated
dicots 	 Alnus_glutinosa 	 curated
dicots 	 Filipendula_ulmaria 	 curated
dicots 	 Impatiens_glandulifera 	 curated
dicots 	 Lycopus_europaeus 	 curated
dicots 	 Malus_domestica 	 curated
dicots 	 Malus_domestica 	 curated
dicots 	 Malus_domestica 	 curated
dicots 	 Malus_domestica 	 curated
dicots 	 Malus_sylvestris 	 curated
dicots 	 Medicago_arabica 	 curated
dicots 	 Potentilla_anserina 	 curated
dicots 	 Quercus_robur 	 curated
echinoderms 	 Asterias_rubens 	 curated
echinoderms 	 Asterias_rubens 	 curated
echinoderms 	 Asterias_rubens 	 curated
echinoderms 	 Marthasterias_glacialis 	 curated
fish 	 Pholis_gunnellus 	 curated
fish 	 Pholis_gunnellus 	 curated
fish 	 Salmo_trutta 	 curated
fish 	 Salmo_trutta 	 curated
fish 	 Taurulus_bubalis 	 curated
fish 	 Trachurus_trachurus 	 curated
fish 	 Trachurus_trachurus 	 curated
insects 	 Abrostola_tripartita 	 curated
insects 	 Acleris_sparsana 	 curated
insects 	 Acronicta_aceris 	 curated
insects 	 Adalia_bipunctata 	 curated
insects 	 Aelia_acuminata 	 curated
insects 	 Agonopterix_arenella 	 curated
insects 	 Agonopterix_subpropinquella 	 curated
insects 	 Agriopis_aurantiaria 	 curated
insects 	 Agrochola_circellaris 	 curated
insects 	 Agrochola_macilenta 	 curated
insects 	 Amphipyra_berbera 	 curated
insects 	 Amphipyra_tragopoginis 	 curated
insects 	 Ancistrocerus_nigricornis 	 curated
insects 	 Andrena_haemorrhoa 	 curated
insects 	 Anoplius_nigerrimus 	 curated
insects 	 Anthocharis_cardamines 	 curated
insects 	 Apamea_monoglypha 	 curated
insects 	 Aphantopus_hyperantus 	 curated
insects 	 Aphantopus_hyperantus 	 curated
insects 	 Aplocera_efformata 	 curated
insects 	 Apoderus_coryli 	 curated
insects 	 Aporia_crataegi 	 curated
insects 	 Apotomis_turbidana 	 curated
insects 	 Aricia_agestis 	 curated
insects 	 Aricia_artaxerxes 	 curated
insects 	 Atethmia_centrago 	 curated
insects 	 Atethmia_centrago 	 curated
insects 	 Athalia_rosae 	 curated
insects 	 Athalia_rosae 	 curated
insects 	 Autographa_gamma 	 curated
insects 	 Autographa_pulchrina 	 curated
insects 	 Bellardia_pandia 	 curated
insects 	 Bembecia_ichneumoniformis 	 curated
insects 	 Bibio_marci 	 curated
insects 	 Biston_betularia 	 curated
insects 	 Blastobasis_adustella 	 curated
insects 	 Blastobasis_lacticolella 	 curated
insects 	 Boloria_selene 	 curated
insects 	 Boloria_selene 	 curated
insects 	 Bombus_campestris 	 curated
insects 	 Bombus_campestris 	 curated
insects 	 Bombus_hortorum 	 curated
insects 	 Bombus_hypnorum 	 curated
insects 	 Bombus_pascuorum 	 curated
insects 	 Bombus_sylvestris 	 curated
insects 	 Bombus_terrestris 	 curated
insects 	 Brachyptera_putata 	 curated
insects 	 Calamotropha_paludella 	 curated
insects 	 Campaea_margaritaria 	 curated
insects 	 Cantharis_rustica 	 curated
insects 	 Carcina_quercana 	 curated
insects 	 Celastrina_argiolus 	 curated
insects 	 Cerceris_rybyensis 	 curated
insects 	 Cheilosia_vulpina 	 curated
insects 	 Chrysoperla_carnea 	 curated
insects 	 Chrysoteuchia_culmella 	 curated
insects 	 Chrysotoxum_bicinctum 	 curated
insects 	 Clostera_curtula 	 curated
insects 	 Clusia_tigrina 	 curated
insects 	 Coccinella_septempunctata 	 curated
insects 	 Colias_croceus 	 curated
insects 	 Coremacera_marginata 	 curated
insects 	 Cosmia_trapezina 	 curated
insects 	 Craniophora_ligustri 	 curated
insects 	 Criorhina_berberina 	 curated
insects 	 Crocallis_elinguaria 	 curated
insects 	 Cyaniris_semiargus 	 curated
insects 	 Cydia_splendana 	 curated
insects 	 Deilephila_porcellus 	 curated
insects 	 Dolichovespula_media 	 curated
insects 	 Dolichovespula_saxonica 	 curated
insects 	 Dolichovespula_sylvestris 	 curated
insects 	 Dolichovespula_sylvestris 	 curated
insects 	 Dryobotodes_eremita 	 curated
insects 	 Ectemnius_continuus 	 curated
insects 	 Ectemnius_lituratus 	 curated
insects 	 Eilema_depressum 	 curated
insects 	 Eilema_sororcula 	 curated
insects 	 Emmelina_monodactyla 	 curated
insects 	 Endotricha_flammealis 	 curated
insects 	 Ennomos_fuscantarius 	 curated
insects 	 Ennomos_quercinarius 	 curated
insects 	 Erannis_defoliaria 	 curated
insects 	 Erebia_aethiops 	 curated
insects 	 Erebia_ligea 	 curated
insects 	 Eristalis_arbustorum 	 curated
insects 	 Eristalis_pertinax 	 curated
insects 	 Eristalis_tenax 	 curated
insects 	 Eristalis_tenax 	 curated
insects 	 Erynnis_tages 	 curated
insects 	 Eulithis_prunata 	 curated
insects 	 Eupeodes_latifasciatus 	 curated
insects 	 Euplexia_lucipara 	 curated
insects 	 Euproctis_similis 	 curated
insects 	 Eupsilia_transversa 	 curated
insects 	 Fabriciana_adippe 	 curated
insects 	 Furcula_furcula 	 curated
insects 	 Glaucopsyche_alexis 	 curated
insects 	 Griposia_aprilina 	 curated
insects 	 Gymnosoma_rotundatum 	 curated
insects 	 Habrosyne_pyritoides 	 curated
insects 	 Harmonia_axyridis 	 curated
insects 	 Hecatera_dysodea 	 curated
insects 	 Hedya_salicella 	 curated
insects 	 Hedya_salicella 	 curated
insects 	 Hemaris_fuciformis 	 curated
insects 	 Hesperia_comma 	 curated
insects 	 Hydraecia_micacea 	 curated
insects 	 Hydriomena_furcata 	 curated
insects 	 Hylaea_fasciaria 	 curated
insects 	 Hypena_proboscidalis 	 curated
insects 	 Ichneumon_xanthorius 	 curated
insects 	 Idaea_aversata 	 curated
insects 	 Inachis_io 	 curated
insects 	 Inachis_io 	 curated
insects 	 Ischnura_elegans 	 curated
insects 	 Laothoe_populi 	 curated
insects 	 Lasioglossum_lativentre 	 curated
insects 	 Lasioglossum_morio 	 curated
insects 	 Laspeyria_flexula 	 curated
insects 	 Leptidea_sinapis 	 curated
insects 	 Limenitis_camilla 	 curated
insects 	 Limnephilus_lunatus 	 curated
insects 	 Limnephilus_marmoratus 	 curated
insects 	 Luperina_testacea 	 curated
insects 	 Lycaena_phlaeas 	 curated
insects 	 Lymantria_monacha 	 curated
insects 	 Lysandra_bellargus 	 curated
insects 	 Lysandra_coridon 	 curated
insects 	 Macaria_notata 	 curated
insects 	 Macropis_europaea 	 curated
insects 	 Macropis_europaea 	 curated
insects 	 Malachius_bipustulatus 	 curated
insects 	 Mamestra_brassicae 	 curated
insects 	 Maniola_jurtina 	 curated
insects 	 Marasmarcha_lunaedactyla 	 curated
insects 	 Melanargia_galathea 	 curated
insects 	 Melanostoma_mellinum 	 curated
insects 	 Melitaea_cinxia 	 curated
insects 	 Mellicta_athalia 	 curated
insects 	 Mesoligia_furuncula 	 curated
insects 	 Mimas_tiliae 	 curated
insects 	 Mimumesa_dahlbomi 	 curated
insects 	 Mimumesa_dahlbomi 	 curated
insects 	 Mythimna_ferrago 	 curated
insects 	 Mythimna_impura 	 curated
insects 	 Nemoura_dubitans 	 curated
insects 	 Nemurella_pictetii 	 curated
insects 	 Noctua_fimbriata 	 curated
insects 	 Noctua_janthe 	 curated
insects 	 Noctua_pronuba 	 curated
insects 	 Nomada_fabriciana 	 curated
insects 	 Notocelia_uddmanniana 	 curated
insects 	 Notodonta_dromedarius 	 curated
insects 	 Notodonta_ziczac 	 curated
insects 	 Nymphalis_polychloros 	 curated
insects 	 Nymphalis_urticae 	 curated
insects 	 Nysson_spinosus 	 curated
insects 	 Ochlodes_sylvanus 	 curated
insects 	 Ochropleura_plecta 	 curated
insects 	 Ocypus_olens 	 curated
insects 	 Omphaloscelis_lunosa 	 curated
insects 	 Orgyia_antiqua 	 curated
insects 	 Osmia_bicornis 	 curated
insects 	 Pammene_fasciana 	 curated
insects 	 Papilio_machaon 	 curated
insects 	 Parapoynx_stratiotata 	 curated
insects 	 Pararge_aegeria 	 curated
insects 	 Peribatodes_rhomboidaria 	 curated
insects 	 Phalera_bucephala 	 curated
insects 	 Phalera_bucephala 	 curated
insects 	 Pheosia_gnoma 	 curated
insects 	 Pheosia_tremula 	 curated
insects 	 Philereme_vetulata 	 curated
insects 	 Phlogophora_meticulosa 	 curated
insects 	 Phlogophora_meticulosa 	 curated
insects 	 Pieris_brassicae 	 curated
insects 	 Pieris_napi 	 curated
insects 	 Pieris_napi 	 curated
insects 	 Pieris_rapae 	 curated
insects 	 Pieris_rapae 	 curated
insects 	 Platycheirus_albimanus 	 curated
insects 	 Plebejus_argus 	 curated
insects 	 Pterostichus_madidus 	 curated
insects 	 Ptilodon_capucinus 	 curated
insects 	 Pyrgus_malvae 	 curated
insects 	 Pyrochroa_serraticornis 	 curated
insects 	 Rhagonycha_fulva 	 curated
insects 	 Sarcophaga_caerulescens 	 curated
insects 	 Sarcophaga_carnaria 	 curated
insects 	 Scaeva_pyrastri 	 curated
insects 	 Schrankia_costaestrigalis 	 curated
insects 	 Seladonia_tumulorum 	 curated
insects 	 Seladonia_tumulorum 	 curated
insects 	 Selenia_dentaria 	 curated
insects 	 Sesia_apiformis 	 curated
insects 	 Sicus_ferrugineus 	 curated
insects 	 Sphecodes_monilicornis 	 curated
insects 	 Sphecodes_monilicornis 	 curated
insects 	 Spilarctia_lutea 	 curated
insects 	 Spilosoma_lubricipeda 	 curated
insects 	 Synanthedon_vespiformis 	 curated
insects 	 Syritta_pipiens 	 curated
insects 	 Tachina_fera 	 curated
insects 	 Tenthredo_notha 	 curated
insects 	 Thecocarcelia_acutangulata 	 curated
insects 	 Thyatira_batis 	 curated
insects 	 Thyatira_batis 	 curated
insects 	 Thymelicus_sylvestris 	 curated
insects 	 Tinea_semifulvella 	 curated
insects 	 Tinea_trinotella 	 curated
insects 	 Vanessa_atalanta 	 curated
insects 	 Vanessa_atalanta 	 curated
insects 	 Vanessa_cardui 	 curated
insects 	 Vespa_crabro 	 curated
insects 	 Vespa_velutina 	 curated
insects 	 Vespula_germanica 	 curated
insects 	 Vespula_vulgaris 	 curated
insects 	 Volucella_inanis 	 curated
insects 	 Xanthogramma_pedissequum 	 curated
insects 	 Xestia_c-nigrum 	 curated
insects 	 Xestia_xanthographa 	 curated
insects 	 Xestia_xanthographa 	 curated
insects 	 Xylota_sylvarum 	 curated
insects 	 Ypsolopha_scabrella 	 curated
insects 	 Zeuzera_pyrina 	 curated
insects 	 Zygaena_filipendulae 	 curated
insects 	 Zygaena_filipendulae 	 curated
jellyfish 	 Diadumene_lineata 	 curated
jellyfish 	 Haliclystus_octoradiatus 	 curated
mammals 	 Arvicola_amphibius 	 curated
mammals 	 Arvicola_amphibius 	 curated
mammals 	 Canis_lupus 	 curated
mammals 	 Canis_lupus 	 curated
mammals 	 Cervus_elaphus 	 curated
mammals 	 Lutra_lutra 	 curated
mammals 	 Lutra_lutra 	 curated
mammals 	 Meles_meles 	 curated
mammals 	 Pipistrellus_pipistrellus 	 curated
mammals 	 Rattus_norvegicus 	 curated
mammals 	 Rattus_norvegicus 	 curated
mammals 	 Rattus_norvegicus 	 curated
mammals 	 Sciurus_carolinensis 	 curated
mammals 	 Sciurus_carolinensis 	 curated
mammals 	 Sciurus_vulgaris 	 curated
mammals 	 Sciurus_vulgaris 	 curated
molluscs 	 Gari_tellinella 	 curated
molluscs 	 Patella_pellucida 	 curated
molluscs 	 Pecten_maximus 	 curated
molluscs 	 Phorcus_lineatus 	 curated
molluscs 	 Steromphala_cineraria 	 curated
other-animal-phyla 	 Lineus_longissimus 	 curated
other-animal-phyla 	 Membranipora_membranacea 	 curated
protists 	 Eimeria_tenella 	 curated
sharks 	 Scyliorhinus_canicula 	 curated
sharks 	 Scyliorhinus_canicula 	 curated
dicots 	 Geum_urbanum 	 draft
dicots 	 Geum_urbanum 	 draft
dicots 	 Polygonum_aviculare 	 draft
insects 	 Phlogophora_meticulosa 	 draft
insects 	 Sicus_ferrugineus 	 draft
algae 	 Dunaliella_primolecta 	 draft
algae 	 Pycnococcus_provasolii 	 draft
amphibians 	 Bufo_bufo 	 draft
amphibians 	 Rana_temporaria 	 draft
arthropods 	 Dolomedes_plantarius 	 draft
arthropods 	 Dolomedes_plantarius 	 draft
arthropods 	 Dolomedes_plantarius 	 draft
arthropods 	 Dolomedes_plantarius 	 draft
arthropods 	 Meta_bourneti 	 draft
arthropods 	 Sacculina_carcini 	 draft
birds 	 Accipiter_gentilis 	 draft
birds 	 Aquila_chrysaetos_chrysaetos 	 draft
birds 	 Aquila_chrysaetos_chrysaetos 	 draft
birds 	 Aquila_chrysaetos_chrysaetos 	 draft
birds 	 Aquila_chrysaetos_chrysaetos 	 draft
birds 	 Aquila_chrysaetos_chrysaetos 	 draft
birds 	 Aquila_chrysaetos_chrysaetos 	 draft
birds 	 Aquila_chrysaetos_chrysaetos 	 draft
birds 	 Aquila_chrysaetos_chrysaetos 	 draft
birds 	 Aquila_chrysaetos_chrysaetos 	 draft
birds 	 Aquila_chrysaetos_chrysaetos 	 draft
birds 	 Aquila_chrysaetos_chrysaetos 	 draft
birds 	 Aquila_chrysaetos_chrysaetos 	 draft
birds 	 Caprimulgus_europaeus 	 draft
birds 	 Erithacus_rubecula 	 draft
birds 	 Erithacus_rubecula 	 draft
birds 	 Erithacus_rubecula 	 draft
birds 	 Streptopelia_turtur 	 draft
birds 	 Streptopelia_turtur 	 draft
birds 	 Streptopelia_turtur 	 draft
chordates 	 Aplidium_turbinatum 	 draft
dicots 	 Ailanthus_altissima 	 draft
dicots 	 Alnus_glutinosa 	 draft
dicots 	 Ballota_nigra 	 draft
dicots 	 Chamaenerion_angustifolium 	 draft
dicots 	 Filipendula_ulmaria 	 draft
dicots 	 Geum_urbanum 	 draft
dicots 	 Hedera_helix 	 draft
dicots 	 Impatiens_glandulifera 	 draft
dicots 	 Impatiens_glandulifera 	 draft
dicots 	 Impatiens_glandulifera 	 draft
dicots 	 Impatiens_glandulifera 	 draft
dicots 	 Impatiens_glandulifera 	 draft
dicots 	 Lycopus_europaeus 	 draft
dicots 	 Malus_domestica 	 draft
dicots 	 Malus_domestica 	 draft
dicots 	 Malus_domestica 	 draft
dicots 	 Malus_domestica 	 draft
dicots 	 Malus_sylvestris 	 draft
dicots 	 Medicago_arabica 	 draft
dicots 	 Polygonum_aviculare 	 draft
dicots 	 Potentilla_anserina 	 draft
dicots 	 Quercus_robur 	 draft
dicots 	 Solanum_dulcamara 	 draft
dicots 	 Urtica_urens 	 draft
echinoderms 	 Asterias_rubens 	 draft
echinoderms 	 Asterias_rubens 	 draft
echinoderms 	 Asterias_rubens 	 draft
echinoderms 	 Marthasterias_glacialis 	 draft
fish 	 Pholis_gunnellus 	 draft
fish 	 Salmo_trutta 	 draft
fish 	 Salmo_trutta 	 draft
fish 	 Taurulus_bubalis 	 draft
fish 	 Trachurus_trachurus 	 draft
fish 	 Trachurus_trachurus 	 draft
fungi 	 Laetiporus_sulphureus 	 draft
fungi 	 Metschnikowia_zobellii 	 draft
insects 	 Abrostola_tripartita 	 draft
insects 	 Acanthosoma_haemorrhoidale 	 draft
insects 	 Acleris_emargana 	 draft
insects 	 Acleris_sparsana 	 draft
insects 	 Acronicta_aceris 	 draft
insects 	 Adalia_bipunctata 	 draft
insects 	 Aelia_acuminata 	 draft
insects 	 Agonopterix_arenella 	 draft
insects 	 Agonopterix_subpropinquella 	 draft
insects 	 Agriopis_aurantiaria 	 draft
insects 	 Agriphila_tristella 	 draft
insects 	 Agrochola_circellaris 	 draft
insects 	 Agrochola_macilenta 	 draft
insects 	 Agrypnus_murinus 	 draft
insects 	 Agrypnus_murinus 	 draft
insects 	 Amphipyra_berbera 	 draft
insects 	 Amphipyra_tragopoginis 	 draft
insects 	 Ancistrocerus_nigricornis 	 draft
insects 	 Andrena_dorsata 	 draft
insects 	 Andrena_haemorrhoa 	 draft
insects 	 Andrena_minutula 	 draft
insects 	 Anoplius_nigerrimus 	 draft
insects 	 Anthocharis_cardamines 	 draft
insects 	 Apamea_monoglypha 	 draft
insects 	 Aphantopus_hyperantus 	 draft
insects 	 Aphantopus_hyperantus 	 draft
insects 	 Aphantopus_hyperantus 	 draft
insects 	 Aphantopus_hyperantus 	 draft
insects 	 Aplocera_efformata 	 draft
insects 	 Apoderus_coryli 	 draft
insects 	 Aporia_crataegi 	 draft
insects 	 Apotomis_betuletana 	 draft
insects 	 Apotomis_turbidana 	 draft
insects 	 Aricia_agestis 	 draft
insects 	 Aricia_artaxerxes 	 draft
insects 	 Atethmia_centrago 	 draft
insects 	 Athalia_rosae 	 draft
insects 	 Autographa_gamma 	 draft
insects 	 Autographa_pulchrina 	 draft
insects 	 Bellardia_pandia 	 draft
insects 	 Bembecia_ichneumoniformis 	 draft
insects 	 Bibio_marci 	 draft
insects 	 Biston_betularia 	 draft
insects 	 Blastobasis_adustella 	 draft
insects 	 Blastobasis_lacticolella 	 draft
insects 	 Boloria_selene 	 draft
insects 	 Bombus_campestris 	 draft
insects 	 Bombus_hortorum 	 draft
insects 	 Bombus_hypnorum 	 draft
insects 	 Bombus_pascuorum 	 draft
insects 	 Bombus_pratorum 	 draft
insects 	 Bombus_sylvestris 	 draft
insects 	 Bombus_terrestris 	 draft
insects 	 Brachyptera_putata 	 draft
insects 	 Brachyptera_putata 	 draft
insects 	 Brachyptera_putata 	 draft
insects 	 Brachyptera_putata 	 draft
insects 	 Calamotropha_paludella 	 draft
insects 	 Campaea_margaritaria 	 draft
insects 	 Cantharis_rustica 	 draft
insects 	 Carcina_quercana 	 draft
insects 	 Celastrina_argiolus 	 draft
insects 	 Cerceris_rybyensis 	 draft
insects 	 Cheilosia_vulpina 	 draft
insects 	 Chrysoperla_carnea 	 draft
insects 	 Chrysoteuchia_culmella 	 draft
insects 	 Chrysotoxum_bicinctum 	 draft
insects 	 Cloeon_dipterum 	 draft
insects 	 Clostera_curtula 	 draft
insects 	 Clusia_tigrina 	 draft
insects 	 Coccinella_septempunctata 	 draft
insects 	 Colias_croceus 	 draft
insects 	 Coremacera_marginata 	 draft
insects 	 Cosmia_trapezina 	 draft
insects 	 Craniophora_ligustri 	 draft
insects 	 Criorhina_berberina 	 draft
insects 	 Crocallis_elinguaria 	 draft
insects 	 Cyaniris_semiargus 	 draft
insects 	 Cydia_splendana 	 draft
insects 	 Deilephila_porcellus 	 draft
insects 	 Dolichovespula_media 	 draft
insects 	 Dolichovespula_saxonica 	 draft
insects 	 Dolichovespula_sylvestris 	 draft
insects 	 Dryobotodes_eremita 	 draft
insects 	 Ectemnius_continuus 	 draft
insects 	 Ectemnius_lituratus 	 draft
insects 	 Eilema_depressum 	 draft
insects 	 Eilema_sororcula 	 draft
insects 	 Emmelina_monodactyla 	 draft
insects 	 Empis_livida 	 draft
insects 	 Endotricha_flammealis 	 draft
insects 	 Endotricha_flammealis 	 draft
insects 	 Ennomos_fuscantarius 	 draft
insects 	 Ennomos_quercinarius 	 draft
insects 	 Epistrophe_grossulariae 	 draft
insects 	 Erannis_defoliaria 	 draft
insects 	 Erebia_aethiops 	 draft
insects 	 Erebia_ligea 	 draft
insects 	 Eristalis_arbustorum 	 draft
insects 	 Eristalis_pertinax 	 draft
insects 	 Eristalis_tenax 	 draft
insects 	 Eristalis_tenax 	 draft
insects 	 Erynnis_tages 	 draft
insects 	 Eulithis_prunata 	 draft
insects 	 Eupeodes_latifasciatus 	 draft
insects 	 Euplexia_lucipara 	 draft
insects 	 Euproctis_similis 	 draft
insects 	 Eupsilia_transversa 	 draft
insects 	 Fabriciana_adippe 	 draft
insects 	 Furcula_furcula 	 draft
insects 	 Glaucopsyche_alexis 	 draft
insects 	 Griposia_aprilina 	 draft
insects 	 Gymnoscelis_rufifasciata 	 draft
insects 	 Gymnosoma_rotundatum 	 draft
insects 	 Habrosyne_pyritoides 	 draft
insects 	 Harmonia_axyridis 	 draft
insects 	 Harmonia_axyridis 	 draft
insects 	 Hecatera_dysodea 	 draft
insects 	 Hedya_salicella 	 draft
insects 	 Hemaris_fuciformis 	 draft
insects 	 Hemaris_fuciformis 	 draft
insects 	 Hemaris_fuciformis 	 draft
insects 	 Hesperia_comma 	 draft
insects 	 Hydraecia_micacea 	 draft
insects 	 Hydriomena_furcata 	 draft
insects 	 Hylaea_fasciaria 	 draft
insects 	 Hypena_proboscidalis 	 draft
insects 	 Ichneumon_xanthorius 	 draft
insects 	 Idaea_aversata 	 draft
insects 	 Inachis_io 	 draft
insects 	 Ischnura_elegans 	 draft
insects 	 Laothoe_populi 	 draft
insects 	 Lasioglossum_lativentre 	 draft
insects 	 Lasioglossum_morio 	 draft
insects 	 Lasiommata_megera 	 draft
insects 	 Laspeyria_flexula 	 draft
insects 	 Leptidea_sinapis 	 draft
insects 	 Leucozona_laternaria 	 draft
insects 	 Limenitis_camilla 	 draft
insects 	 Limnephilus_lunatus 	 draft
insects 	 Limnephilus_marmoratus 	 draft
insects 	 Limnephilus_rhombicus 	 draft
insects 	 Luperina_testacea 	 draft
insects 	 Lycaena_phlaeas 	 draft
insects 	 Lymantria_monacha 	 draft
insects 	 Lysandra_bellargus 	 draft
insects 	 Lysandra_coridon 	 draft
insects 	 Macaria_notata 	 draft
insects 	 Macropis_europaea 	 draft
insects 	 Macropis_europaea 	 draft
insects 	 Malachius_bipustulatus 	 draft
insects 	 Mamestra_brassicae 	 draft
insects 	 Maniola_jurtina 	 draft
insects 	 Marasmarcha_lunaedactyla 	 draft
insects 	 Meconema_thalassinum 	 draft
insects 	 Meganola_albula 	 draft
insects 	 Melanargia_galathea 	 draft
insects 	 Melanostoma_mellinum 	 draft
insects 	 Melitaea_cinxia 	 draft
insects 	 Mellicta_athalia 	 draft
insects 	 Merzomyia_westermanni 	 draft
insects 	 Mesoligia_furuncula 	 draft
insects 	 Mimas_tiliae 	 draft
insects 	 Mimumesa_dahlbomi 	 draft
insects 	 Myathropa_florea 	 draft
insects 	 Myathropa_florea 	 draft
insects 	 Mythimna_albipuncta 	 draft
insects 	 Mythimna_ferrago 	 draft
insects 	 Mythimna_impura 	 draft
insects 	 Nebria_brevicollis 	 draft
insects 	 Nebria_salina 	 draft
insects 	 Nemoura_dubitans 	 draft
insects 	 Nemurella_pictetii 	 draft
insects 	 Noctua_fimbriata 	 draft
insects 	 Noctua_janthe 	 draft
insects 	 Noctua_pronuba 	 draft
insects 	 Nomada_fabriciana 	 draft
insects 	 Notocelia_uddmanniana 	 draft
insects 	 Notodonta_dromedarius 	 draft
insects 	 Notodonta_ziczac 	 draft
insects 	 Nymphalis_polychloros 	 draft
insects 	 Nymphalis_urticae 	 draft
insects 	 Nysson_spinosus 	 draft
insects 	 Ochlodes_sylvanus 	 draft
insects 	 Ochropleura_plecta 	 draft
insects 	 Ocypus_olens 	 draft
insects 	 Omphaloscelis_lunosa 	 draft
insects 	 Opisthograptis_luteolata 	 draft
insects 	 Orgyia_antiqua 	 draft
insects 	 Osmia_bicornis 	 draft
insects 	 Osmia_bicornis 	 draft
insects 	 Osmia_bicornis 	 draft
insects 	 Pammene_fasciana 	 draft
insects 	 Papilio_machaon 	 draft
insects 	 Parapoynx_stratiotata 	 draft
insects 	 Pararge_aegeria 	 draft
insects 	 Peribatodes_rhomboidaria 	 draft
insects 	 Phalera_bucephala 	 draft
insects 	 Pheosia_gnoma 	 draft
insects 	 Pheosia_tremula 	 draft
insects 	 Philereme_vetulata 	 draft
insects 	 Phlogophora_meticulosa 	 draft
insects 	 Phlogophora_meticulosa 	 draft
insects 	 Pieris_brassicae 	 draft
insects 	 Pieris_napi 	 draft
insects 	 Pieris_napi 	 draft
insects 	 Pieris_rapae 	 draft
insects 	 Platycheirus_albimanus 	 draft
insects 	 Plebejus_argus 	 draft
insects 	 Plutella_xylostella 	 draft
insects 	 Podabrus_alpinus 	 draft
insects 	 Pollenia_angustigena 	 draft
insects 	 Protocalliphora_azurea 	 draft
insects 	 Pterostichus_madidus 	 draft
insects 	 Ptilodon_capucinus 	 draft
insects 	 Pyrgus_malvae 	 draft
insects 	 Pyrgus_malvae 	 draft
insects 	 Pyrochroa_serraticornis 	 draft
insects 	 Rhagonycha_fulva 	 draft
insects 	 Sarcophaga_caerulescens 	 draft
insects 	 Sarcophaga_rosellei 	 draft
insects 	 Sarcophaga_variegata 	 draft
insects 	 Scaeva_pyrastri 	 draft
insects 	 Schrankia_costaestrigalis 	 draft
insects 	 Seladonia_tumulorum 	 draft
insects 	 Selenia_dentaria 	 draft
insects 	 Sesia_apiformis 	 draft
insects 	 Sicus_ferrugineus 	 draft
insects 	 Sphecodes_monilicornis 	 draft
insects 	 Spilarctia_lutea 	 draft
insects 	 Spilosoma_lubricipeda 	 draft
insects 	 Synanthedon_vespiformis 	 draft
insects 	 Syritta_pipiens 	 draft
insects 	 Tachina_fera 	 draft
insects 	 Tenthredo_notha 	 draft
insects 	 Thecocarcelia_acutangulata 	 draft
insects 	 Thyatira_batis 	 draft
insects 	 Thymelicus_sylvestris 	 draft
insects 	 Tinea_semifulvella 	 draft
insects 	 Tinea_trinotella 	 draft
insects 	 Vanessa_atalanta 	 draft
insects 	 Vanessa_atalanta 	 draft
insects 	 Vanessa_cardui 	 draft
insects 	 Vespa_crabro 	 draft
insects 	 Vespa_velutina 	 draft
insects 	 Vespa_velutina 	 draft
insects 	 Vespula_germanica 	 draft
insects 	 Vespula_vulgaris 	 draft
insects 	 Volucella_inanis 	 draft
insects 	 Volucella_inflata 	 draft
insects 	 Watsonalla_binaria 	 draft
insects 	 Watsonalla_binaria 	 draft
insects 	 Xanthogramma_pedissequum 	 draft
insects 	 Xestia_c-nigrum 	 draft
insects 	 Xestia_xanthographa 	 draft
insects 	 Xestia_xanthographa 	 draft
insects 	 Xylota_sylvarum 	 draft
insects 	 Ypsolopha_scabrella 	 draft
insects 	 Zeuzera_pyrina 	 draft
insects 	 Zygaena_filipendulae 	 draft
jellyfish 	 Diadumene_lineata 	 draft
jellyfish 	 Haliclystus_octoradiatus 	 draft
mammals 	 Arvicola_amphibius 	 draft
mammals 	 Arvicola_amphibius 	 draft
mammals 	 Arvicola_amphibius 	 draft
mammals 	 Canis_lupus 	 draft
mammals 	 Cervus_elaphus 	 draft
mammals 	 Lutra_lutra 	 draft
mammals 	 Lutra_lutra 	 draft
mammals 	 Lutra_lutra 	 draft
mammals 	 Meles_meles 	 draft
mammals 	 Meles_meles 	 draft
mammals 	 Pipistrellus_pipistrellus 	 draft
mammals 	 Pipistrellus_pipistrellus 	 draft
mammals 	 Pipistrellus_pipistrellus 	 draft
mammals 	 Rattus_norvegicus 	 draft
mammals 	 Sciurus_carolinensis 	 draft
mammals 	 Sciurus_carolinensis 	 draft
mammals 	 Sciurus_carolinensis 	 draft
mammals 	 Sciurus_vulgaris 	 draft
mammals 	 Sciurus_vulgaris 	 draft
mammals 	 Sciurus_vulgaris 	 draft
molluscs 	 Gari_tellinella 	 draft
molluscs 	 Patella_depressa 	 draft
molluscs 	 Patella_pellucida 	 draft
molluscs 	 Pecten_maximus 	 draft
molluscs 	 Pecten_maximus 	 draft
molluscs 	 Pecten_maximus 	 draft
molluscs 	 Pecten_maximus 	 draft
molluscs 	 Pecten_maximus 	 draft
molluscs 	 Pecten_maximus 	 draft
molluscs 	 Phorcus_lineatus 	 draft
molluscs 	 Steromphala_cineraria 	 draft
non-vascular-plants 	 Rhytidiadelphus_loreus 	 draft
non-vascular-plants 	 Thuidium_tamariscinum 	 draft
other-animal-phyla 	 Lineus_longissimus 	 draft
other-animal-phyla 	 Membranipora_membranacea 	 draft
protists 	 Eimeria_tenella 	 draft
protists 	 Eimeria_tenella 	 draft
protists 	 Tetramitus_jugosus 	 draft
protists 	 Tetramitus_jugosus 	 draft
sharks 	 Scyliorhinus_canicula 	 draft
sharks 	 Scyliorhinus_canicula 	 draft
sharks 	 Scyliorhinus_canicula 	 draft
sharks 	 Scyliorhinus_canicula 	 draft
sharks 	 Scyliorhinus_canicula 	 draft
